{
	"info": {
		"_postman_id": "a6998bad-8a68-4bf7-9c9d-cf26cae59b36",
		"name": "e-commerce",
		"schema": "https://schema.getpostman.com/json/collection/v2.1.0/collection.json"
	},
	"item": [
		{
			"name": "products",
			"item": [
				{
					"name": "add_new_product",
					"event": [
						{
							"listen": "test",
							"script": {
								"id": "3452fc1b-8b8f-4a94-9be6-5091b49616e2",
								"exec": [
									""
								],
								"type": "text/javascript"
							}
						}
					],
					"request": {
						"method": "POST",
						"header": [
							{
								"key": "Content-Type",
								"name": "Content-Type",
								"value": "application/json",
								"type": "text",
								"disabled": true
							}
						],
						"body": {
							"mode": "formdata",
							"formdata": [
								{
									"key": "name",
									"value": "pink jackett",
									"type": "text"
								},
								{
									"key": "price",
									"value": "139",
									"type": "text"
								},
								{
									"key": "category",
									"value": "outwear",
									"type": "text"
								},
								{
									"key": "isfeatured",
									"value": "1",
									"type": "text"
								},
								{
									"key": "productImage",
									"type": "file",
									"src": "/home/pc/Documents/e-commercebit/product/public/assets/img/sample.jpg"
								}
							],
							"options": {
								"raw": {
									"language": "json"
								}
							}
						},
						"url": {
							"raw": "http://localhost:3000/products/add",
							"protocol": "http",
							"host": [
								"localhost"
							],
							"port": "3000",
							"path": [
								"products",
								"add"
							]
						}
					},
					"response": []
				},
				{
					"name": "get_featured_products",
					"event": [
						{
							"listen": "test",
							"script": {
								"id": "3452fc1b-8b8f-4a94-9be6-5091b49616e2",
								"exec": [
									""
								],
								"type": "text/javascript"
							}
						}
					],
					"protocolProfileBehavior": {
						"disableBodyPruning": true
					},
					"request": {
						"method": "GET",
						"header": [
							{
								"key": "Content-Type",
								"name": "Content-Type",
								"value": "application/json",
								"type": "text"
							}
						],
						"body": {
							"mode": "raw",
							"raw": "",
							"options": {
								"raw": {
									"language": "json"
								}
							}
						},
						"url": {
							"raw": "http://localhost:3000/products/featured",
							"protocol": "http",
							"host": [
								"localhost"
							],
							"port": "3000",
							"path": [
								"products",
								"featured"
							]
						}
					},
					"response": []
				},
				{
					"name": "get_product_by_Id",
					"request": {
						"method": "GET",
						"header": [],
						"url": {
							"raw": "http://localhost:3000/products/5e5e92a68490ea55533dbcae",
							"protocol": "http",
							"host": [
								"localhost"
							],
							"port": "3000",
							"path": [
								"products",
								"5e5e92a68490ea55533dbcae"
							]
						}
					},
					"response": []
				}
			],
			"protocolProfileBehavior": {}
		},
		{
			"name": "ReviewsRates",
			"item": [
				{
					"name": "add_rates_reviews",
					"event": [
						{
							"listen": "test",
							"script": {
								"id": "3452fc1b-8b8f-4a94-9be6-5091b49616e2",
								"exec": [
									""
								],
								"type": "text/javascript"
							}
						}
					],
					"request": {
						"method": "POST",
						"header": [
							{
								"key": "Content-Type",
								"name": "Content-Type",
								"value": "application/json",
								"type": "text"
							}
						],
						"body": {
							"mode": "raw",
							"raw": "[\n\t{\n\t\t\"propName\": \"productId\",\n        \"value\": \"5e5e93428490ea55533dbcb0\"\n\t},\n    {\n    \t\"propName\":\"productComments\",\n    \t\"value\": \n    \t[\n    \t{\n    \t\t\"propName\":\"userName\",\n    \t\t\"value\":\"khaleel\"\n    \t},\n    \t{\n    \t\t\"propName\":\"comment\",\n    \t\t\"value\":\"bad\"\n    \t},\n    \t{\n    \t\t\"propName\":\"userRating\",\n    \t\t\"value\":1\n    \t}\n    \t]\n    }\n]",
							"options": {
								"raw": {
									"language": "json"
								}
							}
						},
						"url": {
							"raw": "localhost:8080/products/revRate/addReviewsRates",
							"host": [
								"localhost"
							],
							"port": "8080",
							"path": [
								"products",
								"revRate",
								"addReviewsRates"
							]
						}
					},
					"response": []
				}
			],
			"protocolProfileBehavior": {}
		},
		{
			"name": "search_service",
			"item": [
				{
					"name": "get_product_byCategory",
					"request": {
						"method": "GET",
						"header": [],
						"url": {
							"raw": "http://localhost:3001/search/product/?search=car",
							"protocol": "http",
							"host": [
								"localhost"
							],
							"port": "3001",
							"path": [
								"search",
								"product",
								""
							],
							"query": [
								{
									"key": "search",
									"value": "car"
								}
							]
						}
					},
					"response": []
				}
			],
			"protocolProfileBehavior": {}
		}
	],
	"protocolProfileBehavior": {}
}